trial,key_hex,k8_hex,outer_success,true_lane_rank,outer_wall_seconds,inward_outcome,inward_success,inward_wall_seconds,first_tier_failure,joint_success
1,8F49D9A8C3C8F74BB51D0F15C27E96F092F658E352F06D0F76409B067CC486DC,7CC486DC,1,1,0.288230036,SUCCESS,1,126.640721235,,1
2,E51C1B68B45A347206F65C72DAF48A117158BC813DD199C1FEF9343EFE763354,FE763354,1,1,0.178317935,SUCCESS,1,190.714238109,,1
3,3F7162DAD62C1BDF1703CD7076AB1365828B72A0F7A66C9890D910C8845C0400,845C0400,1,1,0.220157935,SUCCESS,1,284.051591487,,1
4,6A1B2ADBE2708615E77242D6FD26A0A7A5E583D2224E4F61BE0A114D392446A5,392446A5,1,1,0.155584732,SUCCESS,1,181.067530241,,1
5,64031526F8804B99226BF30E78F6D350F6CA23D4CCB6489037EE2F0B7098E4DA,7098E4DA,1,1,0.604782688,SUCCESS,1,164.377037843,,1
6,83C2DDE1B9259DBE79D6BC74F43CFEDF212D48597FEEAF18AA91A55129774952,29774952,1,1,0.363531707,SUCCESS,1,264.037796148,,1
7,2AF2964D18B84818A30D489CB12944B44C3214DFDD991CCBB2C8D4FADE7B9F87,DE7B9F87,1,1,0.235235472,SUCCESS,1,153.507861976,,1
8,E2F649087FDFE094206A93AAE31CE81574A09606C0FA8B3D5A06330B096C1C04,096C1C04,1,1,0.559232860,SUCCESS,1,202.515412712,,1
9,F0F52CA287D025686C908144E47013FC567EB0207510D25FAA157098A513DEC0,A513DEC0,1,1,0.262347520,SUCCESS,1,133.140635745,,1
10,6C7E0C6E7F9A0DEBF6F2039EDEC9A8A0A614EB62D83DF887BE1456C3FAA56330,FAA56330,1,1,0.175680351,SUCCESS,1,132.191294988,,1
11,00A52C7FD7059BB311A34FB8C29BB778B1DB60B7B66517FFF3D3C261BE1DAB00,BE1DAB00,1,1,0.614390467,SUCCESS,1,124.966389690,,1
12,E6F6284A1752824A71A083DEC3C8F850947CEC7BA6CA563EA1F0A8FDF8FB526E,F8FB526E,1,1,0.331870106,SUCCESS,1,187.448729004,,1
13,3E93E4A178D98645804D4776BEDC23CBB5A05563CF2C712F133A4E505525671F,5525671F,1,1,0.161630808,SUCCESS,1,159.936577724,,1
14,B59E4C34E9E9E92578D37E31BCDE8A3FE7F4D8EE5084A878914A064A349E67EE,349E67EE,1,1,0.285675134,SUCCESS,1,180.190661004,,1
15,71CE3401A81668BB73DF9EA9B4C5960A62BCD4941770F7F4D5142C3712E7E549,12E7E549,1,1,0.649710810,INCONCLUSIVE,0,14.913291092,S4:s6:c0:tier3,0
16,B3ADD3FEB9E0517AD0C6306D33FABF9256F56199820E0669FE2F6EF6B2468DD6,B2468DD6,1,1,0.346230478,SUCCESS,1,187.157617636,,1
17,B0B5CF184E9D6297D69F80E281E8DF8BBFA977A0A47A54499C61E288069BD967,069BD967,1,1,0.624464832,SUCCESS,1,265.082626193,,1
18,975FE2A087009653DED502EED2FE2E971ED97C6E1E24789453E92822C21951DB,C21951DB,1,1,0.167914000,SUCCESS,1,127.888649042,,1
19,FE8237C7F42D5DE5400D5E65C031BF40C787EC50906989CB0193A26083173AA0,83173AA0,1,1,0.322235612,SUCCESS,1,158.376973801,,1
20,0F99EA1A31B81B75B16F68F257C47B765C97A341ED23325C4C2B62B92813FD0A,2813FD0A,1,1,0.213006422,SUCCESS,1,180.800714057,,1
21,94C40E3C108DAB740B2CD3A20EBDB09B8C0983670ADEE9E8F2E490E82323ABC8,2323ABC8,1,1,0.218902119,SUCCESS,1,235.156565431,,1
22,037AEF4487A7B63C1ECCC8946DEC5C17C37B332B5724552D728B1B0EF895A67A,F895A67A,1,1,0.273403124,SUCCESS,1,250.997224233,,1
23,EE2CC0D1FBB2A2FC06FBE41F68DCE9D814059FFE10CA4840D1EC43FD35AE2A53,35AE2A53,1,1,0.259646167,SUCCESS,1,215.197346583,,1
24,12DE464EA97DEB8E4085777AD17AC6F349A551029A12A164E21E0E0B5C34E7E4,5C34E7E4,1,1,0.238483530,SUCCESS,1,176.269122381,,1
25,3995C9AE493B9FA4838CA7799855C8C692915E7739FA8999194B53851A809AAB,1A809AAB,1,1,0.130343329,SUCCESS,1,191.263257501,,1
26,85BA0D66C6CBCE2BDD38DB992D7767620E2B2400C5E27432C0B4E8C9D79EF62C,D79EF62C,1,1,0.581703078,SUCCESS,1,182.654041415,,1
27,7506C7A87B4EE28225F3404826244E1DE56C36176B033CB5D79B8B0C59BE5C93,59BE5C93,1,1,0.304745074,SUCCESS,1,152.919419612,,1
28,C7F27EAAF1A3C3B67E186AD547E441A3D80C680D28C657A9FCE854BC0BD0DC13,0BD0DC13,1,1,0.222513247,SUCCESS,1,100.813116102,,1
29,C6EB706A814D5EA34CBEBA108DC8A0BC7B9C71EF80DB9E037B6BC9C948FD8C47,48FD8C47,1,1,0.621352538,SUCCESS,1,285.745931557,,1
30,4C000DD4777F9A724C0D9C07C3B03C3F13F51BECEF5F19A930E76F63BDE57198,BDE57198,1,1,0.303797403,SUCCESS,1,126.310483522,,1
31,073985DBB1B1D2DA2A8D0BF63C4AE809FE4AAC14B7A85E55025D56044F01DC5A,4F01DC5A,1,1,0.609172668,SUCCESS,1,221.291992428,,1
32,939EC9CDA78F1A242506F1B7C67DE8768687217B3959FB1E3801D40898AF5428,98AF5428,1,1,0.320773000,SUCCESS,1,255.599418552,,1
33,DBC7E6D5BEDAB7B94C23BC1EA41E6D64D1D535F694BFF25C5DA3DB97173D852B,173D852B,1,1,0.634543732,SUCCESS,1,208.045632844,,1
34,024A3CBDA6EDA4221E1CEE22E6734319B117C256FD05B99590C84F503396FFB5,3396FFB5,1,1,0.376430395,SUCCESS,1,214.514918442,,1
35,09E2BFD307FD9E9B5D2B86C78E8C8BC93046B9F2A9E162A835783B07568CF3B2,568CF3B2,1,1,0.602338428,SUCCESS,1,184.698840316,,1
36,D00FEFAE3560ECCF29565204AF70005BC377BF9312088E4E620918DBF31CADC2,F31CADC2,1,1,0.653921037,SUCCESS,1,195.097663478,,1
37,89A190CD2FC1650668030AF9554B95D64D2394BB37C092DC833107FA72F0E190,72F0E190,1,1,0.232956027,SUCCESS,1,73.514882043,,1
38,87D024C375CC451DA44465CFFCA5826F156B8391E14EA9E971C8E9D8D1DC0CA1,D1DC0CA1,1,1,0.219403975,SUCCESS,1,207.125879350,,1
39,B6792C85DA5724BAA50F9E8FE0881CA6783486E26B32FB18FCB7A696ECB82A86,ECB82A86,1,1,0.217873771,SUCCESS,1,167.385956442,,1
40,1B504B2F1F0A2F4C9171E7CAA8F1B91A2DFE07FC27564744BEE47EE5D382A803,D382A803,1,1,0.218297566,SUCCESS,1,155.013134966,,1
41,40F6E19600A3F8F7D26274641C17E644CA2D3E5A49C0831D9DA9842441EFFA01,41EFFA01,1,1,0.601748374,SUCCESS,1,138.635820542,,1
42,3D5B81193D811BA0AE91FBBECCA7EBFE0AD13C11029602170FB8A431D2E2BFF3,D2E2BFF3,1,1,0.297972683,SUCCESS,1,282.944061719,,1
43,2079E1DCFF12CE12E95480F9F2F3155C61741CA5788936EBC7D9956700054344,00054344,1,1,0.139739540,SUCCESS,1,86.794940336,,1
44,19B232A6AA55DA0B9E551C14B2AE61F9383384D5E2E12F9115CDB6FAED0E03DC,ED0E03DC,1,1,0.188034646,SUCCESS,1,136.785378116,,1
45,764413A16FC6AAFCB1C8749E943F77829B276F87FCA2A340E1556500A5F964BA,A5F964BA,1,1,0.143141708,SUCCESS,1,187.419064131,,1
46,E97E01E89D56DC87D0EA1AF3DF3B9B15E21EAFF947C9BAC680C6211351E4CD38,51E4CD38,1,1,0.253953024,SUCCESS,1,175.519683577,,1
47,8216AEEC30D7EB88ED0F444E399E074AE9CD1B045D8A91B2782E12B3409666DB,409666DB,1,1,0.177059410,SUCCESS,1,209.891427807,,1
48,29B00B057E781282D22FDAD947CDE969419185B4284A7D23C8012A0F6128863B,6128863B,1,1,0.599490114,SUCCESS,1,291.806186346,,1
49,AABFAA0CC01293415B18D75D8723D9C060D380024A981E705CE917C1430488A8,430488A8,1,1,0.345258078,SUCCESS,1,202.352860182,,1
50,D56491D50AC956ACE374D99463A68A95346C55A21615C48E92204A86DF20DF56,DF20DF56,1,1,0.209674049,TIMEOUT,0,600.081318074,S4:s7:c0:tier8,0
51,B2314453F0E14B335229FB11B18F4C0130703FAEF5003BB92D539640938912E5,938912E5,1,1,0.229140295,SUCCESS,1,81.292718236,,1
52,D744BB41CF83E61257CAFECE8681C2DDA5B6F570CFFCB1AD4C226DE0B77BD025,B77BD025,1,1,0.710156251,SUCCESS,1,205.723761690,,1
53,807B91E65B6C487E23B83D113FE41FBADF5971E05CFD94B26E9ED2A70B3887C0,0B3887C0,1,1,0.647053941,SUCCESS,1,133.795528815,,1
54,2B96A240FEE5EF824E6BD3D4EF81F07C80738626C5B8171BA4A555F5FD235CB7,FD235CB7,1,1,0.133021392,TIMEOUT,0,600.073954798,S4:s7:c0:tier9,0
55,C422B605E1A3006A81CB16E7911CEC8EEA7EDD8A1F14B7F6E410E38D1662B796,1662B796,1,1,0.287600079,SUCCESS,1,189.470251705,,1
56,F1BA9D5794ED3D8A3DA0612AB38060EAD5DA28E355CDD9ED5D4A67468228AB01,8228AB01,1,1,0.652163791,SUCCESS,1,113.351811763,,1
57,C48E0FCBC72E8AFA2F39CEF9A474BFD9AAE7D0EF93B449C09DBFB74C70E84BB1,70E84BB1,1,1,0.333244384,SUCCESS,1,193.046419302,,1
58,C06D89AF9B03AFC120C3512E051257260DEEAB522D164384C3F4CC21AA6AAEC2,AA6AAEC2,1,1,0.708809630,SUCCESS,1,149.270965891,,1
59,42128DE0DAF4FEF670E32142BBA0752D7CDF004306531A8E52354954F26810C7,F26810C7,1,1,0.709339239,SUCCESS,1,83.278178076,,1
60,DF9A0DBEE05BB0BC7CC6B1430335F5DE31DFE30ABE9FEF6EFEA740A607F6E798,07F6E798,1,1,0.255714437,SUCCESS,1,228.760497624,,1
61,95FF5D29819C7BC965BB3BBFF7ED68091E982AD8F0EB4607C7009FF57D1C6FD5,7D1C6FD5,1,1,0.283827499,SUCCESS,1,129.554968253,,1
62,AE1D09127AC8DAB5EE87924216D35AD9FB88BF2FE10A248CA37B42B170C6B330,70C6B330,1,1,0.280311112,SUCCESS,1,171.800551998,,1
63,AD172200563128BD60523972F78C62F99DC87F8FA5DF5F6991E5486AFDBB4AA0,FDBB4AA0,1,1,0.279412675,SUCCESS,1,131.774495820,,1
64,3C4728C5A9508AC9A0844AEFCB6106099DE51352C6DCF0020488F3C9BA31677F,BA31677F,1,1,0.289322332,SUCCESS,1,173.232847761,,1
65,089CA8FD0F46519705EA698EAAEDE1F9DF41A17B482AE76FA4315EE0DF8C6520,DF8C6520,1,1,0.268812752,SUCCESS,1,256.059116712,,1
66,6D147383B055359C7C47BA2115A81CE610EFBB982F5324F0A2DCE86D9906D381,9906D381,1,1,0.259088234,SUCCESS,1,239.463265254,,1
67,D01E49071E727F6CB475A5CEA870BCAE933D0D2A7E77A10F2A96E9889B570232,9B570232,1,1,0.241648771,SUCCESS,1,150.213990493,,1
68,9E917DC0A9BAE9ED1D67F7B91FFA3DB3FB028F7D215BBF07EB54CBACFDA47E84,FDA47E84,1,1,0.270979290,SUCCESS,1,260.163874663,,1
69,D739091F034178D2F75601088B4D0D85181BD48AF36CED2FF95DAA3C9B32E929,9B32E929,1,1,0.241689250,SUCCESS,1,236.420122433,,1
70,DE8FF3BF0B7AE65C2BF7D1DCFB6DA558422BECEF07B1732621AE3333FD6C6B99,FD6C6B99,1,1,0.289048108,SUCCESS,1,326.892763174,,1
71,12E7BABB056C6358583BFE0AC6A1342DE916C77A32569A1A94FD7FD9C41D4EF1,C41D4EF1,1,1,0.310692336,SUCCESS,1,218.180409757,,1
72,326BA72E0EDE28BE4CB7137E784A9B74D0010A282816A4AF950E3046F6A89663,F6A89663,1,1,0.239149451,SUCCESS,1,180.832979101,,1
73,1596F14A655782AE9CBF14EFF02C7C3D7A3EF1925D08479D6C48ABF9614B441A,614B441A,1,1,0.301895032,SUCCESS,1,302.534747515,,1
74,2BBE442FD6FC25213668ED3652EE78BB66DA52181E182FF93FBBDC5E67C69476,67C69476,1,1,0.165722015,SUCCESS,1,224.795508650,,1
75,4DCF64622F09C699309CDA9755A7F191EDBAE780CB4FBE53E1C2F9808496E5C0,8496E5C0,1,1,0.347710192,SUCCESS,1,256.726676543,,1
76,7BB7C4DE0BADC63FA6EFAF5C5EB1BBD3BF9C9BD04DC62CDCB0583B270F358ADE,0F358ADE,1,1,0.310988832,SUCCESS,1,244.402024247,,1
77,E32C90FA2E2B430454CA9A27AF5FE5209F0A862E6648BE8C2BB8771B2FD83FC9,2FD83FC9,1,1,0.211389874,SUCCESS,1,238.725692301,,1
78,0E7FB619A9284F52A94FAA31A1913FC43874292B91A012E2F0F1852BA531B85F,A531B85F,1,1,0.646172269,SUCCESS,1,191.119880620,,1
79,4FA65A1425534A5B6D0DABB5F4C83B7E1C2223D371769372C7EFC1AD3ECED1DE,3ECED1DE,1,1,0.628594750,SUCCESS,1,141.542513124,,1
80,71B8CF4C5A91838BF05A43C99BA967BC056632FA45A4D2CE4E4B26CEE082F3A5,E082F3A5,1,1,0.183909873,SUCCESS,1,165.658405763,,1
81,69D9CFD08CF0A81A8B65B6C7EE5134FE2123DDFA4D23DBB8AEDCD59F68B0D806,68B0D806,1,1,0.192307067,SUCCESS,1,135.040874407,,1
82,C983E61EB541E43D5AC4A1E838298945EEFBE9F21DE1A22CADB8107D34C89684,34C89684,1,1,0.220208981,SUCCESS,1,253.512099905,,1
83,B4E5787E88E5E48B1117C5EB37C3DACC6321BB31C802BAA3B05102214877A20D,4877A20D,1,1,0.618605848,SUCCESS,1,183.519986808,,1
84,DDE076C7CE71AFA4316BD5605C4979B00DE23C3F0908696F060660E44F69F1D3,4F69F1D3,1,1,0.223403100,SUCCESS,1,161.222904892,,1
85,EAABB87EB7C35A983B76DA1D2A4235C8C631A53D20E2F7CC3F49A7F36747CA2F,6747CA2F,1,1,0.624973218,SUCCESS,1,152.094467629,,1
86,CA626361A8212E0302880BEFD585C8A3A5011386E8D48C31137033C45036F2AF,5036F2AF,1,1,0.279214291,SUCCESS,1,122.058156348,,1
87,5AB4CBB5A5731804216D09E4D1A97D0B9E7D94A33D8C65225F9F3BF9741C9F83,741C9F83,1,1,0.218893271,SUCCESS,1,103.615476063,,1
88,5801B967FA5A3D3296943C50DFB872007E32A3B83D708EECC82924BC9FFACEA1,9FFACEA1,1,1,0.630914619,SUCCESS,1,153.116561167,,1
89,A3316E98DC310D8F0C775BC61DFC8086EEB33B68C95302E1710A1B45EC77DB8B,EC77DB8B,1,1,0.649831124,INCONCLUSIVE,0,54.417885303,S4:s7:c0:tier4,0
90,D8521EC462CEB28BDB00569E247D2A3F36A4FBEDDF3408F4977930AB6618D2E3,6618D2E3,1,1,0.602433268,SUCCESS,1,92.815653916,,1
91,4E7D869E64FA5F4C9C24DB28DAB78BC3147E070585E260D98B10984F139E5869,139E5869,1,1,0.313954417,INCONCLUSIVE,0,3.982283412,S4:s7:c0:tier2,0
92,4B9886F33225367084D77FDEB81F5BC6C1AE6AD6AF17322DDD713B96842348C7,842348C7,1,1,0.127705707,SUCCESS,1,175.169554530,,1
93,C690FCF72BD45EB36A95951F3BE5B02605624E1D501B0B042A16B961E5CD9F7F,E5CD9F7F,1,1,0.209635753,SUCCESS,1,74.647259972,,1
94,E9106247DEF170496ADBBDBBE70B1A927055017618355AD0FA77BE3633DD04E5,33DD04E5,1,1,0.215726399,SUCCESS,1,228.352453586,,1
95,C7220CF54B417A5B94AD85212E7E0C79B4594B966E685778D9E476A7B1CEC5AF,B1CEC5AF,1,1,0.638045869,SUCCESS,1,168.599795614,,1
96,AC8CE17DCD03625D96A937379885F6BACCD8B9606731662E5FFF1E9B78FB200E,78FB200E,1,1,0.267082751,SUCCESS,1,202.124136709,,1
97,EA59FEF08A8032AB0DF08EDA179FF422E1A584458E83C3882F7420A55717903B,5717903B,1,1,0.250466242,SUCCESS,1,118.642977716,,1
98,F2E3A0128DE16FC5D9CDD94A62046E11192FC1E9C445C6B3D6C5F402F9A98E89,F9A98E89,1,1,0.216341511,SUCCESS,1,183.336669997,,1
99,4BFCC6DED00D7522B4F99408FFC36E644CC1EDECFE712F4737CDEE913D4BF4D6,3D4BF4D6,1,1,0.628938423,SUCCESS,1,233.622961665,,1
100,042606F5D3E5F6CF0E21F45DDFFC10081A007F08961060B0C80B64D4EF4ADEA3,EF4ADEA3,1,1,0.591342076,SUCCESS,1,151.140140956,,1
